ErrorCode,ErrorInfo,ErrorMessage
E00,E00000000,特になし
E01,E01010001,ショップIDが指定されていません。
E01,E01010008,ショップIDに半角英数字以外の 文字が含まれているか、13文字を超えています。
E01,E01010010,ショップIDが一致しません。
E01,E01020001,ショップパスワードが指定されていません。
E01,E01020008,ショップパスワードに半角英数字以外の文字が含まれているか、10文字を超えています。
E01,E01030002,指定されたIDとパスワードのショップが存在しません。
E01,E01030061,強制返品はご利用できません。
E01,E01040001,オーダーIDが指定されていません。
E01,E01040003,オーダーIDが最大文字数を超えています。
E01,E01040010,既にオーダーIDが存在しています。
E01,E01040013,オーダーIDに半角英数字と”－”以外の文字が含まれています。
E01,E01050001,処理区分が指定されていません。
E01,E01050002,指定された処理区分は定義されていません。
E01,E01050004,指定した処理区分の処理は実行出来ません。
E01,E01060001,利用金額が指定されていません。
E01,E01060005,利用金額が最大桁数を超えています。
E01,E01060006,利用金額に数字以外の文字が含まれています。
E01,E01060010,取引の利用金額と指定した利用金額が一致していません。
E01,E01070005,税送料が最大桁数を超えています。
E01,E01070006,税送料に数字以外の文字が含まれています。
E01,E01080007,"3Dセキュア使用フラグに0,1以外の値が指定されています。"
E01,E01080010,管理画面の設定と一致しません。
E01,E01080101,3D必須店舗にも関わらず3Dセキュア使用フラグがOFFになっています。
E01,E01090001,取引IDが指定されていません。
E01,E01090008,取引IDの書式が正しくありません。
E01,E01100001,取引パスワードが指定されていません。
E01,E01100008,取引パスワードの書式が正しくありません。
E01,E01160001,ボーナス分割回数が指定されていません。
E01,E01110002,指定されたIDとパスワードの取引が存在しません。
E01,E01160007,ボーナス分割回数に数字以外の文字が含まれています。
E01,E01110010,指定された取引は決済が完了していません。
E01,E01130012,カード会社略称が最大バイト数を超えています。
E01,E01160010,ボーナス分割回数に“２”以外を指定しています。
E01,E01170001,カード番号が指定されていません。
E01,E01170003,カード番号が最大文字数を超えています。
E01,E01170006,カード番号に数字以外の文字が含まれています。
E01,E01170011,カード番号が10桁～16桁の範囲ではありません。
E01,E01180001,有効期限が指定されていません。
E01,E01180003,有効期限が4桁ではありません。
E01,E01180006,有効期限に数字以外の文字が含まれています。
E01,E01180008,有効期限の書式が正しくありません。
E01,E01190001,サイトIDが指定されていません。
E01,E01190008,サイトIDの書式が正しくありません。
E01,E01200001,サイトパスワードが指定されていません。
E01,E01200008,サイトパスワードの書式が正しくありません。
E01,E01210002,指定されたIDとパスワードのサイトが存在しません。
E01,E01220001,会員IDが指定されていません。
E01,E01220005,会員IDが最大桁数を超えています。
E01,E01220008,会員IDの書式が正しくありません。
E01,E01230006,カード登録連番に数字以外の文字が含まれています。
E01,E01230009,カード登録連番が最大登録可能数を超えています。
E01,E01240002,指定されたカードが存在しません。
E01,E01240012,指定された会員IDがファイル内で重複しています(※洗替時)
E01,E01250008,カードパスワードの書式が正しくありません。
E01,E01250010,カードパスワードが一致しません。
E01,E01260001,支払方法が指定されていません。
E01,E01260002,指定された支払方法が存在しません。
E01,E01260010,指定されたカード番号または支払方法が正しくありません。
E01,E01270001,支払回数が指定されていません。
E01,E01270005,支払回数が最大桁数を超えています。
E01,E01270006,支払回数の数字以外の文字が含まれています。
E01,E01270010,指定された支払回数はご利用できません。
E01,E01290001,HTTP_ACCEPTが指定されていません。
E01,E01300001,HTTP_USER_AGENTが指定されていません。
E01,E01310002,使用端末が指定されていません。
E01,E01310007,"使用端末に”0”,”1”以外の値が指定されています。"
E01,E01320012,加盟店自由項目1の値が最大バイト数を超えています。
E01,E01330012,加盟店自由項目2の値が最大バイト数を超えています。
E01,E01340012,加盟店自由項目3の値が最大バイト数を超えています。
E01,E01350001,MDが指定されていません。
E01,E01350008,MDの書式が正しくありません。
E01,E01360001,PaResが指定されていません。
E01,E01370008,3Dセキュア表示店舗名の書式が正しくありません。
E01,E01370012,3Dセキュア表示店舗名の値が最大バイト数を超えています。
E01,E01390002,指定されたサイトIDと会員IDの会員が存在しません。
E01,E01390010,指定されたサイトIDと会員IDの会員が既に存在しています。
E01,E01400007,"加盟店自由項目返却フラグに” 0”,”1”以外の値が指定されています。"
E01,E01410010,該当取引は操作禁止状態です。
E01,E01420010,仮売上有効期間を超えています。
E01,E01430012,会員名の値が最大バイト数を超えています。
E01,E01440008,洗替・継続課金フラグの書式が正しくありません。
E01,E01450008,商品コードの書式が正しくありません。
E01,E01460008,セキュリティコードの書式が正しくありません。
E01,E01470008,カード登録連番モードの書式が正しくありません。
E01,E01480008,名義人の書式が正しくありません。
E01,E01490005,利用金額・税送料の合計値が最大桁数を超えています。
E01,E01500001,ショップ情報文字列が設定されていません。
E01,E01500005,ショップ情報文字列の文字数が間違っています。
E01,E01500012,ショップ情報文字列が他の項目と矛盾しています。
E01,E01510001,購買情報文字列が設定されていません。
E01,E01510005,購買情報文字列の文字数が間違っています。
E01,E01510010,利用日の書式が正しくありません。
E01,E01510011,利用日の値が指定可能範囲外です。
E01,E01510012,購買情報文字列が他の項目と矛盾しています。
E01,E01520002,ユーザー利用端末情報に無効な値が設定されています。
E01,E01530001,決済結果戻り先URLが設定されていません。
E01,E01530005,決済結果戻り先URLが最大文字数を越えています。
E01,E01540005,決済キャンセル時URLが最大文字数を超えています。
E01,E01550001,日時情報文字列が設定されていません。
E01,E01550005,日時情報文字列の文字数が間違っています。
E01,E01550006,日時情報文字列に無効な文字が含まれます。
E01,E01590005,商品コードが最大桁数を超えています。
E01,E01590006,商品コードに無効な文字が含まれます。
E01,E01600001,会員情報チェック文字列が設定されていません。
E01,E01600005,会員情報チェック文字列が最大文字数を超えています。
E01,E01600012,会員情報チェック文字列が他の項目と矛盾しています。
E01,E01610005,リトライ回数が0～99の範囲外です。
E01,E01610006,リトライ回数に数字以外が設定されています。
E01,E01620005,セッションタイムアウト値が0～9999の範囲外です。
E01,E01620006,セッションタイムアウト値に数字以外が設定されています。
E01,E01630010,取引後カード登録時、取引の会員I Dとパラメータの会員IDが一致しません。
E01,E01640010,取引後カード登録時、取引のサイトIDとパラメータのサイトIDが一致しません。
E01,E01650012,指定されたショップは、指定されたサイトに属していません。
E01,E01660013,言語パラメータにサポートされない値が設定されています。
E01,E01670013,出力エンコーディングにサポートされない値が設定されています。
E01,E01700001,項目数が誤っています。
E01,E01710001,取引区分(継続課金)が設定されていません。
E01,E01710002,指定された取引区分が存在しません。
E01,E01730001,ボーナス金額が指定されていません。
E01,E01730005,ボーナス金額が最大桁数を超えています。
E01,E01730006,商品コードが”0000990”ではありません。
E01,E01730007,ボーナス金額に数字以外の文字が含まれています。
E01,E01740001,端末処理通番が指定されていません。
E01,E01740005,端末処理通番が最大桁数を超えています。
E01,E01740007,端末処理通番に数字以外の文字が含まれています。
E01,E01750001,利用日が指定されていません。
E01,E01750008,利用日の書式が正しくありません。
E01,E01800001,暗証番号が未入力です。
E01,E01800008,暗証番号の書式が正しくありません。
E01,E01800010,暗証番号は利用できません。
E01,E01800050,暗証番号が不正です。(0000は使用できません)
E01,E01810001,磁気ストライプ区分が不正です。
E01,E01810008,磁気ストライプ区分が不正です。
E01,E01820001,磁気ストライプ情報が不正です。
E01,E01820003,磁気ストライプ情報が不正です。
E01,E01820008,磁気ストライプ情報が不正です。
E01,E01840010,必要な入力パラメータが指定されていません
E11,E11010001,この取引は既に決済が終了しています。
E11,E11010002,この取引は決済が終了していませんので、変更する事が出来ません。
E11,E11010003,この取引は指定処理区分処理を行う事が出来ません。
E11,E11010010,180日超えの取引のため、処理を行う事が出来ません。
E11,E11010011,180日超えの取引のため、処理を行う事が出来ません。
E11,E11010012,180日超えの取引のため、処理を行う事が出来ません。
E11,E11010013,180日超えの取引のため、処理を行う事が出来ません。
E11,E11010014,180日超えの取引のため、処理を行う事が出来ません。
E11,E11010017,180日超えの取引のため、処理を行う事が出来ません。
E11,E11010099,このカードはご利用になれません。
E11,E11010999,特になし
E11,E11310001,この取引はリンク決済を実行できません。
E11,E11310002,この取引はリンク決済を実行できません。
E11,E11310003,この取引はリンク決済を実行できません。
E11,E11310004,この取引はリンク決済を実行できません。
E11,E11310005,既にカードを登録している会員 は、取引後カード登録を実行できません。
E21,E21010001,3Dセキュア認証に失敗しました。もう一度、購入画面からやり直して下さい。
E21,E21010007,3Dセキュア認証に失敗しました。もう一度、購入画面からやり直して下さい。
E21,E21010999,3Dセキュア認証に失敗しました。もう一度、購入画面からやり直して下さい。
E21,E21020001,3Dセキュア認証に失敗しました。もう一度、購入画面からやり直して下さい。
E21,E21020002,3Dセキュア認証がキャンセルされました。もう一度、購入画面からやり直して下さい。
E21,E21020007,3Dセキュア認証に失敗しました。もう一度、購入画面からやり直して下さい。
E21,E21020999,3Dセキュア認証に失敗しました。もう一度、購入画面からやり直して下さい。
E21,E21010201,このカードでは取引をする事が出来ません。3Dセキュア認証に対応したカードをお使い下さい。
E21,E21010202,このカードでは取引をする事が出来ません。3Dセキュア認証に対応したカードをお使い下さい。
E31,E31500014,－
E41,E41170002,入力されたカード会社に対応していません。別のカード番号を入力して下さい。
E41,E41170099,カード番号に誤りがあります。再度確認して入力して下さい。
E61,E61010001,決済処理に失敗しました。申し訳ございませんが、しばらく時間をあけて購入画面からやり直してください。
E61,E61010002,ご利用出来ないカードをご利用になったもしくはカード番号が誤っております。
E61,E61010003,決済処理に失敗しました。申し訳ございませんが、しばらく時間をあけて購入画面からやり直してください。
E61,E61020001,指定の決済方法は利用停止になっています。
E61,E61030001,ご契約内容エラー/現在のご契約では、ご利用になれません。
E82,E82010001,実行中にエラーが発生しました。処理は開始されませんでした。
E90,E90010001,現在処理を行っているのでもうしばらくお待ち下さい。
E91,E91099996,システムの内部エラーです。発生時刻や呼び出しパラメータをご確認のうえ、お問い合わせください。
E91,E91099997,リクエストされたAPIは存在しません。URLをお確かめください。
E91,E91019999,決済処理に失敗しました。申し訳ございませんが、しばらく時間をあけて購入画面からやり直してください。
E91,E91020001,通信タイムアウトが発生しまし た。申し訳ございませんが、しばらく時間をあけて購入画面からやり直してください。
E91,E91029998,決済処理に失敗しました。該当のお取引について、店舗までお問合せください。
E91,E91029999,決済処理に失敗しました。申し訳ございませんが、しばらく時間をあけて購入画面からやり直してください。
E91,E91050001,決済処理に失敗しました。
E91,E91060001,システムの内部エラーです。発生時刻や呼び出しパラメータをご確認のうえ、お問い合わせください。
E91,E91099999,決済処理に失敗しました。申し訳ございませんが、しばらく時間をあけて購入画面からやり直してください。
E92,E92000001,只今、大変込み合っていますので、しばらく時間をあけて再度決済を行ってください。
E92,E92000002,只今、大変込み合っていますので、しばらく時間をあけて再度決済を行ってください。
EX1,EX1000301,決済処理に失敗しました。もう一度カード番号を入力してください。
EX1,EX1000302,決済処理に失敗しました。もう一度カード番号を入力してください。
EX1,EX1000303,決済処理に失敗しました。もう一度カード番号を入力してください。
M01,M01001005,バージョンの文字数が最大文字数を超えています。
M01,M01002001,ショップIDが指定されていません。
M01,M01002002,指定されたIDとパスワードのショップが存在しません。
M01,M01002008,ショップIDの書式が正しくありません。
M01,M01002010,ショップIDが指定された取引と一致しません。
M01,M01003001,ショップパスワードが指定されていません。
M01,M01003008,ショップパスワードの書式が正しくありません。
M01,M01004001,オーダーIDが指定されていません。
M01,M01004002,指定されたオーダーIDの取引は登録されていません。
M01,M01004010,既にオーダーIDが存在しています。
M01,M01004012,オーダーIDが最大文字数を超えています。
M01,M01004013,オーダーIDに不正な文字が含まれています。
M01,M01004014,指定されたオーダーIDの取引は既に決済を依頼してます。
M01,M01005001,利用金額が指定されていません。
M01,M01005005,利用金額が最大桁数を超えています。
M01,M01005006,利用金額に数字以外の文字が含まれています。
M01,M01005011,利用金額が有効な範囲を超えています。
M01,M01006005,税送料が最大桁数を超えています。
M01,M01006006,税送料に数字以外の文字が含まれています。
M01,M01007001,取引IDが指定されていません。
M01,M01007008,取引IDの書式が正しくありません。
M01,M01008001,取引Iパスワードが指定されていません。
M01,M01008008,取引パスワードの書式が正しくありません。
M01,M01009001,支払先コンビニコードが指定されていません。
M01,M01009002,指定された支払先コンビニコードが正しくありません。
M01,M01009005,支払先コンビニコードが最大文字数を超えています。
M01,M01009010,指定された取引のコンビニコードが正しくありません。
M01,M01010001,氏名が指定されていません。
M01,M01010012,氏名が最大バイト数を超えています。
M01,M01010013,氏名に不正な文字が含まれています。
M01,M01011001,フリガナが指定されていません。
M01,M01011012,フリガナが最大バイト数を超えています。
M01,M01011013,フリガナに不正な文字が含まれています。
M01,M01012001,電話番号が指定されていません。
M01,M01012005,電話番号が最大文字数を超えています。
M01,M01012008,電話番号の書式が正しくありません。
M01,M01013005,支払期限日数が最大文字数を超えています。
M01,M01013006,支払期限日数に数字以外の文字が指定されています。
M01,M01013011,支払期限日数が有効な範囲ではありません。
M01,M01014001,結果通知先メールアドレスが指定されていません。
M01,M01014005,結果通知先メールアドレスが最大文字数を超えています。
M01,M01014008,結果通知先メールアドレスの書式が正しくありません。
M01,M01015005,加盟店メールアドレスが最大文字数を超えています。
M01,M01015008,加盟店メールアドレスの書式が正しくありません。
M01,M01016012,予約番号が最大バイト数を超えています。
M01,M01016013,予約番号に不正な文字が含まれています。
M01,M01017012,会員番号が最大バイト数を超えています。
M01,M01017013,会員番号に不正な文字が含まれています。
M01,M01018012,POSレジ表示欄1が最大バイト数を超えています。
M01,M01018013,POSレジ表示欄1に不正な文字が含まれています。
M01,M01019012,POSレジ表示欄2が最大バイト数を超えています。
M01,M01019013,POSレジ表示欄2に不正な文字が含まれています。
M01,M01020012,POSレジ表示欄3が最大バイト数を超えています。
M01,M01020013,POSレジ表示欄3に不正な文字が含まれています。
M01,M01021012,POSレジ表示欄4が最大バイト数を超えています。
M01,M01021013,POSレジ表示欄4に不正な文字が含まれています。
M01,M01022012,POSレジ表示欄5が最大バイト数を超えています。
M01,M01022013,POSレジ表示欄5に不正な文字が含まれています。
M01,M01023012,POSレジ表示欄6が最大バイト数を超えています。
M01,M01023013,POSレジ表示欄6に不正な文字が含まれています。
M01,M01024012,POSレジ表示欄7が最大バイト数を超えています。
M01,M01024013,POSレジ表示欄7に不正な文字が含まれています。
M01,M01025012,POSレジ表示欄8が最大バイト数を超えています。
M01,M01025013,POSレジ表示欄8に不正な文字が含まれています。
M01,M01026012,レシート表示欄1が最大バイト数を超えています。
M01,M01026013,レシート表示欄1に不正な文字が含まれています。
M01,M01027012,レシート表示欄2が最大バイト数を超えています。
M01,M01027013,レシート表示欄2に不正な文字が含まれています。
M01,M01028012,レシート表示欄3が最大バイト数を超えています。
M01,M01028013,レシート表示欄3に不正な文字が含まれています。
M01,M01029012,レシート表示欄4が最大バイト数を超えています。
M01,M01029013,レシート表示欄4に不正な文字が含まれています。
M01,M01030012,レシート表示欄5が最大バイト数を超えています。
M01,M01030013,レシート表示欄5に不正な文字が含まれています。
M01,M01031012,レシート表示欄6が最大バイト数を超えています。
M01,M01031013,レシート表示欄6に不正な文字が含まれています。
M01,M01032012,レシート表示欄7が最大バイト数を超えています。
M01,M01032013,レシート表示欄7に不正な文字が含まれています。
M01,M01033012,レシート表示欄8が最大バイト数を超えています。
M01,M01033013,レシート表示欄8に不正な文字が含まれています。
M01,M01034012,レシート表示欄9が最大バイト数を超えています。
M01,M01034013,レシート表示欄9に不正な文字が含まれています。
M01,M01035012,レシート表示欄10が最大バイト数を超えています。
M01,M01035013,レシート表示欄10に不正な文字が含まれています。
M01,M01036001,お問合せ先が指定されていません。
M01,M01036012,お問合せ先が最大バイト数を超えています。
M01,M01036013,お問合せ先に不正な文字が含まれています。
M01,M01037001,お問合せ先電話番号が指定されていません。
M01,M01037005,お問合せ先電話番号が最大文字数を超えています。
M01,M01037008,お問合せ先電話番号に数字、－以外の文字が指定されています。
M01,M01038001,お問合せ先受付時間が指定されていません。
M01,M01038005,お問合せ先受付時間が最大文字数を超えています。
M01,M01038008,お問合せ先受付時間に数字、”:”、”-“以外の文字が指定されています。
M01,M01039005,加盟店自由項目1が最大文字数を超えています。
M01,M01039008,加盟店自由項目1に不正な文字が含まれています。
M01,M01039012,加盟店自由項目1が最大バイト数を超えています。
M01,M01039013,加盟店自由項目1に不正な文字が含まれています。
M01,M01040005,加盟店自由項目2が最大文字数を超えています。
M01,M01040008,加盟店自由項目2に不正な文字が含まれています。
M01,M01040012,加盟店自由項目2が最大バイト数を超えています。
M01,M01040013,加盟店自由項目2に不正な文字が含まれています。
M01,M01041005,加盟店自由項目3が最大文字数を超えています。
M01,M01041008,加盟店自由項目3に不正な文字が含まれています。
M01,M01041012,加盟店自由項目3が最大バイト数を超えています。
M01,M01041013,加盟店自由項目3に不正な文字が含まれています。
M01,M01042005,結果返却方法フラグが最大文字数を超えています。
M01,M01042011,"結果返却方法フラグに”0”,”1”以外の値が指定されています。"
M01,M01043001,商品・サービス名が指定されていません。
M01,M01043012,商品・サービス名が最大バイト数を超えています。
M01,M01043013,商品・サービス名に不正な文字が含まれています。
M01,M01044012,決済開始メール付加情報が最大バイト数を超えています。
M01,M01044013,決済開始メール付加情報に不正な文字が含まれています。
M01,M01045012,決済完了メール付加情報が最大バイト数を超えています。
M01,M01045013,決済完了メール付加情報に不正な文字が含まれています。
M01,M01046012,決済内容確認画面付加情報が最大バイト数を超えています。
M01,M01046013,決済内容確認画面付加情報に不正な文字が含まれています。
M01,M01047012,決済完了画面付加情報が最大バイト数を超えています。
M01,M01047013,決済完了画面付加情報に不正な文字が含まれています。
M01,M01048005,支払期限秒数が最大文字数を超えています。
M01,M01048006,支払期限秒数に数字以外の文字が指定されています。
M01,M01048011,支払期限秒数が有効な範囲ではありません。
M01,M01049012,決済開始メール付加情報が最大バイト数を超えています。
M01,M01049013,決済開始メール付加情報に不正な文字が含まれています。
M01,M01050012,決済完了メール付加情報が最大バイト数を超えています。
M01,M01050013,決済完了メール付加情報に不正な文字が含まれています。
M01,M01051001,決済方法が指定されていません。
M01,M01051005,決済方法が最大文字数を超えています。
M01,M01051011,決済方法が有効な範囲ではありません。
M01,M01052011,支払期限日を超えています。
M01,M01053002,指定されたコンビニはご利用できません。
M01,M01054001,処理区分が指定されていません。
M01,M01054004,取引の現状態に対して、処理可能な操作ではありません。
M01,M01054010,指定された処理区分は定義されていません。
M01,M01055010,取引の利用金額・税送料の合計値が、指定された利用金額・税送料の合計値と一致しません。
M01,M01055011,指定された利用金額・税送料の合計値が取引の利用金額・税送料の合計値を超えています。
M01,M01056001,リダイレクトURLが指定されていません。
M01,M01056012,リダイレクトURLが最大文字数を超えています。
M01,M01057010,取消可能な期間を超えています。
M01,M01058002,指定された取引が存在しません。
M01,M01058010,取引のショップIDが、指定されたショップIDと一致しません。
M01,M01058011,キャンセル及び増額処理は前決済の規定時間後から可能となります。
M01,M01059001,戻り先URLが設定されていません。
M01,M01059005,戻り先URLが最大文字数を超えています。
M01,M01059012,戻り先URLが最大文字数を超えています。
M01,M01060010,仮売上有効期間を超えています。
M01,M01061001,金融機関コードが設定されていません。
M01,M01061002,存在しない金融機関コードが設定されました。
M01,M01061005,金融機関コードが最大桁数を超えています。
M01,M01062001,支店コードが設定されていません。
M01,M01062002,存在しない支店コードが設定されました。
M01,M01062005,支店コードが最大桁数を超えています。
M01,M01063001,会員登録区分が設定されていません。
M01,M01063002,存在しない会員登録区分が設定されました。
M01,M01064001,口座名義人（姓：漢字）が設定されていません。
M01,M01064003,口座名義人（姓：漢字）が最大文字数を超えています。
M01,M01064013,口座名義人（姓：漢字）に利用できない文字が含まれています。
M01,M01065001,口座名義人（姓：読み）が設定されていません。
M01,M01065003,口座名義人（姓：読み）が最大文字数を超えています。
M01,M01065013,口座名義人（姓：読み）に利用できない文字が含まれています。
M01,M01066001,口座名義人（名：漢字）が設定されていません。
M01,M01066003,口座名義人（名：漢字）が最大文字数を超えています。
M01,M01066013,口座名義人（名：漢字）に利用できない文字が含まれています。
M01,M01067001,口座名義人（名：読み）が設定されていません。
M01,M01067003,口座名義人（名：読み）が最大文字数を超えています。
M01,M01067013,口座名義人（名：読み）に利用できない文字が含まれています。
M01,M01068001,口座名義人（法人名漢字）が設定されていません。
M01,M01068003,口座名義人（法人名漢字）が最大文字数を超えています。
M01,M01068013,口座名義人（法人名漢字）に利用できない文字が含まれています。
M01,M01069001,口座名義人（法人名読み）が設定されていません。
M01,M01069003,口座名義人（法人名読み）が最大文字数を超えています。
M01,M01069013,口座名義人（法人名読み）に利用できない文字が含まれています。
M01,M01070001,口座番号が設定されていません。
M01,M01070002,存在しない預金種目が設定されました。
M01,M01071001,口座番号が設定されていません。
M01,M01071005,口座番号が最大桁数を超えています。
M01,M01071006,口座番号に数字以外の文字が含まれています。
M01,M01073001,トランザクションIDが設定されていません。
M01,M01073002,存在しないトランザクションIDが指定されました。
M01,M01073004,指定した申込処理は実行出来ません。
M01,M01074090,トークンが不正です。
M01,M01074091,決済URLの有効期限が切れています。
M01,M01074101,トークンタイプが無効です。
M01,M01074108,トークンタイプが設定されていません。
M01,M01075001,口座名義が設定されていません。
M01,M01075005,口座名義が最大文字数を超えています。
M01,M01075013,口座名義に利用できない文字が含まれています。
M01,M01076001,ユーザ利用端末が設定されていません。
M01,M01076010,指定されたユーザ利用端末は定義されていません。
M01,M01077005,口座名義漢字が最大文字数を超えています。
M01,M01077013,口座名義漢字に利用できない文字が含まれています。
M01,M01078005,通貨コードの桁数が間違っています。
M01,M01078010,利用可能な通貨コードではありません。
M01,M01079010,利用可能なロケールではありません。
M01,M01080001,摘要が設定されていません。
M01,M01080005,摘要が最大文字数を超えています。
M01,M01080013,摘要に利用できない文字が含まれています。
M01,M01081011,決済結果URL有効期限秒が有効な範囲ではありません。
M01,M01081013,決済結果URL有効期限秒に利用できない文字が含まれています。
M01,M01082001,サービス名が設定されていません。
M01,M01082005,サービス名が最大文字数を超えています。
M01,M01082013,サービス名に利用できない文字が含まれています。
M01,M01083001,サービス電話番号が設定されていません。
M01,M01083008,表示電話番号の書式が正しくありません。
M01,M01084002,存在しないOpenIDが指定されました。
M01,M01085001,キャンセル金額が指定されていません。
M01,M01085005,キャンセル金額が最大桁数を超えています。
M01,M01085006,キャンセル金額に数字以外の文字が含まれています。
M01,M01085010,オーソリ時の金額とキャンセル金額が一致しません。
M01,M01085011,キャンセル金額がオーソリ時の金額を超えています。
M01,M01086001,キャンセル税送料が指定されていません。
M01,M01086005,キャンセル税送料が最大桁数を超えています。
M01,M01086006,キャンセル税送料に数字以外の文字が含まれています。
M01,M01086010,オーソリ時の金額とキャンセル金額が一致しません。
M01,M01087012,ドコモ表示項目1が最大桁数を超えています。
M01,M01087013,ドコモ表示項目1に利用できない文字が含まれています。
M01,M01088012,ドコモ表示項目2が最大桁数を超えています。
M01,M01088013,ドコモ表示項目2に利用できない文字が含まれています。
M01,M01089010,処理要求実施最終期限を超えています。
M01,M01091001,確定日が設定されていません。
M01,M01091010,利用可能な確定日ではありません。
M01,M01092001,初月利用料無料区分が設定されていません。
M01,M01092010,利用可能な初月利用料無料区分ではありません。
M01,M01093001,終了月利用料無料区分が設定されていません。
M01,M01093004,該当取引は確定中のため終了月無料は設定できません。
M01,M01093010,利用可能な終了月利用料無料区分ではありません。
M01,M01094001,継続課金月が設定されていません。
M01,M01094008,継続課金月の書式が正しくありません。
M01,M01095010,当月分の課金データが生成されていないため処理できません。しばらくたってから再度実行してください。
M01,M01096010,前回実行した処理から規定時間が経過していません。しばらくたってから再度実行してください。
M01,M01097010,ショップからの継続課金変更・終了処理は月末20：00～24：00の間は受付できません。
M01,M01098010,有効期限チェックエラーです。
M01,M01100012,振込内容が最大桁数を超えています。
M01,M01100013,振込内容に利用できない文字が含まれています。
M01,M01101001,初回課金利用金額が設定されていません。
M01,M01105001,課金タイミング区分が指定されていません。
M01,M01105005,課金タイミング区分が最大バイト数を越えています。
M01,M01107001,初回課金日が指定されていません。
M01,M01107005,指定可能な初回課金日ではありません。
M01,M01107010,指定可能な初回課金日ではありません。
M01,M01112001,JCBプリカ決済カード番号が未入力です。
M01,M01112005,JCBプリカ決済カード番号の桁数が16桁以上、32桁以下ではありません。
M01,M01112008,JCBプリカ決済カード番号の書式が正しくありません。
M01,M01113001,JCBプリカ決済認証番号が未入力です。
M01,M01113005,JCBプリカ決済認証番号が4桁以上16桁以下ではありません。
M01,M01113008,JCBプリカ決済認証番号の書式が正しくありません。
M01,M01114005,JCBプリカ決済持ち回り情報の桁数が34桁以下ではありません。
M01,M01114008,JCBプリカ決済持ち回り情報の書式が正しくありません。
M01,M01115010,キャンセル処理期限を超過しています。
M01,M01120001,NET  CASH決済方法が指定されていません。
M01,M01120010,NET  CASH決済方法が不正です。
M01,M01120012,NET  CASH決済方法が最大バイト数を超えています。
M01,M01120013,NET  CASH決済方法に不正な文字が含まれています。
M01,M01121002,システムエラーを表示し、弊社にお問い合わせ下さい。
M01,M01121001,商品IDが入力されていません。
M01,M01121005,商品IDが最大バイトを超えています。
M01,M01121008,商品IDに利用できない文字が含まれています。
M01,M01121012,利用店舗名が最大バイトを超えています。
M01,M01121013,利用店舗名に利用できない文字が含まれています。
M01,M01122005,サブ商品IDが最大バイトを超えています。
M01,M01122008,サブ商品に利用できない文字が含まれています。
M01,M01122012,連絡先電話番号が最大バイトを超えています。
M01,M01122013,連絡先電話番号に利用できない文字が含まれています
M01,M01123001,商品名が入力されていません。
M01,M01123005,商品名が最大バイトを超えています。
M01,M01123008,メールアドレスの書式が正しくありません。
M01,M01123012,メールアドレスが最大バイトを超えています。
M01,M01226012,問合せURLが最大バイトを超えています。
M01,M01226013,問合せURLに利用できない文字が含まれています。
M01,M01227012,連絡先情報が最大バイト数を超えています。
M01,M01124001,決済戻りURLが入力されていません。
M01,M01124005,決済戻りURLが最大バイトを超えています。
M01,M01125001,決済失敗戻りURLが入力されていません。
M01,M01125005,決済失敗戻りURLが最大バイトを超えています。
M01,M01126011,楽天ペイ注文日の5ヵ月後の末日を超えているため実行できません。
M01,M01127011,楽天ペイ注文確定処理完了日の翌月末日を超えているため実行できません。
M01,M01160008,楽天ペイクーポン使用フラグの書式が正しくありません。
M01,M01160010,楽天ペイ選択可能なクーポン使用フラグではありません。
M01,M01238001,楽天ペイ複数商品が入力されていません。
M01,M01238005,楽天ペイ複数商品が最大バイト数を超えています。
M01,M01238008,楽天ペイ複数商品の書式フォーマットが正しくありません。
M01,M01238010,楽天ペイ複数商品指定が不正です。
M01,M01239001,楽天ペイ複数商品の商品IDが入力されていません。
M01,M01239005,楽天ペイ複数商品の商品IDが最大バイト数を超えています。
M01,M01239008,楽天ペイ複数商品の商品IDの書式フォーマットが正しくありません。
M01,M01240001,楽天ペイ複数商品の商品名が入力されていません。
M01,M01240005,楽天ペイ複数商品の商品名が最大バイト数を超えています。
M01,M01241001,楽天ペイ複数商品の商品個数が入力されていません。
M01,M01241005,楽天ペイ複数商品の商品個数が最大バイト数を超えています。
M01,M01241008,楽天ペイ複数商品の商品個数の書式フォーマットが正しくありません。
M01,M01242001,楽天ペイ複数商品の商品単価が入力されていません。
M01,M01242005,楽天ペイ複数商品の商品単価が最大バイト数を超えています。
M01,M01242008,楽天ペイ複数商品の商品単価の書式フォーマットが正しくありません。
M01,M01243010,楽天ペイ複数商品の金額の整合性が不正です。
M01,M01128008,多通貨クレジットカード決済商品コードの書式が正しくありません。
M01,M01129001,多通貨クレジットカード決済 通貨コードが入力されていません。
M01,M01129005,多通貨クレジットカード決済通貨コードが最大桁数を超えています。
M01,M01129010,多通貨クレジットカード決済選択可能な通貨コードではありません。
M01,M01129013,多通貨クレジットカード決済通貨コードに無効な文字が含まれます。
M01,M01130008,多通貨クレジットカード決済3Dセキュア表示店舗名の書式が正しくありません。
M01,M01130012,多通貨クレジットカード決済3Dセキュア表示店舗名の値が最大バイト数を超えています。
M01,M01131001,多通貨クレジットカード決済 カード番号が入力されていません。
M01,M01131005,多通貨クレジットカード決済カード番号が最大桁数を超えています。
M01,M01131006,多通貨クレジットカード決済カード番号が数値でありません。
M01,M01131010,多通貨クレジットカード決済入力されたカード番号は対応していません。
M01,M01131011,多通貨クレジットカード決済カード番号が10桁～16桁の範囲ではありません。
M01,M01133001,多通貨クレジットカード決済有効期限が指定されていません。
M01,M01133005,多通貨クレジットカード決済有効期限が4桁ではありません。
M01,M01133006,多通貨クレジットカード決済有効期限に数字以外の文字が含まれています。
M01,M01134008,多通貨クレジットカード決済セキュリティコードの書式が正しくありません。
M01,M01135005,LINE  Pay決済通貨コードの指定が正しくありません。
M01,M01135010,LINE  Pay決済通貨コードの指定が正しくありません。
M01,M01135013,LINE  Pay決済通貨コードに無効な文字が含まれています。
M01,M01136001,LINE  Pay決済商品名が指定されていません。
M01,M01136005,LINE  Pay決済商品名が最大桁数を超えています。
M01,M01137005,LINE  Pay決済商品画像URLが最大桁数を超えています。
M01,M01138005,LINE  Pay決済LINE  Member  IDが最大桁数を超えています。
M01,M01139005,LINE  Pay決済パッケージ名が最大桁数を超えています。
M01,M01140005,LINE  Pay決済受取人の連絡先が最大桁数を超えています。
M01,M01141001,LINE  Pay決済キャンセル金額が指定されていません。
M01,M01141005,LINE  Pay決済キャンセル金額が最大桁数を超えています。
M01,M01141006,LINE  Pay決済キャンセル金額に数字以外の文字が含まれています。
M01,M01141011,LINE  Pay決済キャンセル金額の指定範囲が正しくありません。
M01,M01142005,LINE  Pay決済キャンセル税送料が最大桁数を超えています。
M01,M01142006,LINE  Pay決済キャンセル税送料に数字以外の文字が含まれています。
M01,M01148010,LINE  Pay決済ユーザー端末情報の指定が正しくありません。
M01,M01150001,LINE  Pay決済処理NG時URLが指定されていません。
M01,M01150012,LINE  Pay決済処理NG時URLが最大バイト数を超えています。
M01,M01151005,LINE  Pay決済言語コードが最大桁数を超えています。
M01,M01153005,ネット銀聯決済商品名称が最大桁数を超えています。
M01,M01153013,ネット銀聯決済商品名称に禁則文字が指定されています。
M01,M01157001,ネット銀聯決済処理NG時URLが指定されていません。
M01,M01157005,ネット銀聯決済処理NG時URLが最大バイト数を超えています。
M01,M01158001,ネット銀聯決済キャンセル金額の指定が正しくありません。
M01,M01158005,ネット銀聯決済キャンセル金額の桁数が正しくありません。
M01,M01158006,ネット銀聯決済キャンセル金額に数字以外の文字が含まれています。
M01,M01201001,ソフトバンクまとめて支払い(B)継続課金初月無料フラグが指定されていません。
M01,M01201008,ソフトバンクまとめて支払い(B)継続課金初月無料フラグの書式が正しくありません。
M01,M01202001,ソフトバンクまとめて支払い(B)継続課金課金基準日が指定されていません。
M01,M01202006,ソフトバンクまとめて支払い(B)継続課金課金基準日に数字以外の文字が含まれています。
M01,M01202010,ソフトバンクまとめて支払い(B)継続課金課金基準日の指定が正しくありません。
M01,M01203001,ソフトバンクまとめて支払い(B)継続課金課金月が指定されていません。
M01,M01203005,ソフトバンクまとめて支払い(B)継続課金課金月が最大桁数を超えています。
M01,M01203006,ソフトバンクまとめて支払い(B)継続課金課金月に数字以外の文字が含まれています。
M01,M01203010,ソフトバンクまとめて支払い(B)継続課金課金月の指定が正しくありません。
M01,M01204002,指定された取引が存在しません。
M01,M01232001,リクルートかんたん支払い商品名が指定されていません。
M01,M01232005,リクルートかんたん支払い商品名が最大バイト数を超えています。
M01,M01232013,リクルートかんたん支払い商品名に禁則文字が指定されています。
M01,M01233011,リクルートかんたん支払い売上確定後の取引に対して、操作可能期限が過ぎています。
M01,M01234010,リクルートかんたん支払い金額変更時の入力金額が妥当ではありません。
M01,M01235010,リクルートかんたん支払い金額変更を行うことが出来ない期間です。
M01,M01236002,リクルートかんたん支払いオーソリ期限延長の対象となる決済が存在しません。
M01,M01237011,リクルートかんたん支払いオーソリ期限延長の実施可能期限が過ぎています。
M01,M01250001,リクルートかんたん支払い継続課金商品名が指定されていません。
M01,M01250005,リクルートかんたん支払い継続課金商品名が最大バイト数を超えています。
M01,M01250012,リクルートかんたん支払い継続課金商品名が最大バイト数を超えています。
M01,M01250013,リクルートかんたん支払い継続課金商品名に禁則文字が指定されています。
M01,M01251001,リクルートかんたん支払い継続課金課金基準日が指定されていません。
M01,M01251006,リクルートかんたん支払い継続課金課金基準日に数字以外の文字が含まれています。
M01,M01251010,リクルートかんたん支払い継続課金課金基準日の指定が正しくありません。
M01,M01252001,リクルートかんたん支払い継続課金初月無料フラグが指定されていません。
M01,M01252008,リクルートかんたん支払い継続課金初月無料フラグの書式が正しくありません。
M01,M01253001,リクルートかんたん支払い継続課金課金月が指定されていません。
M01,M01253005,リクルートかんたん支払い継続課金課金月が最大桁数を超えています。
M01,M01253006,リクルートかんたん支払い継続課金課金月に数字以外の文字が含まれています。
M01,M01253010,リクルートかんたん支払い継続課金課金月の指定が正しくありません。
M01,M01254002,リクルートかんたん支払い継続課金指定された課金データが存在しません。
M01,M01255011,リクルートかんたん支払い継続課金課金確定後の課金データに対して、操作可能期限が過ぎています。
M01,M01257010,リクルートかんたん支払い継続課金金額変更時の入力金額が妥当ではありません。
M01,M01320005,決済タイプが最大桁数を超えています。
M01,M01320013,決済タイプに指定できない値です。
M01,M01108012,商品ID最大桁数を超えています。
M01,M01108013,商品ID無効な文字が含まれます。
M01,M01109012,サブ商品ID最大桁数を超えています。
M01,M01109013,サブ商品ID無効な文字が含まれます。
M01,M01110012,商品名最大桁数を超えています。
M01,M01111012,決済戻しURLが最大桁数を超えています。
M01,M01111013,決済戻しURL無効な文字が含まれます。
M01,M01112012,決済失敗戻しURLが最大桁数を超えています。
M01,M01112013,決済失敗戻しURL無効な文字が含まれます。
M01,M01500001,ショップ情報文字列が設定されていません。
M01,M01500005,ショップ情報文字列の文字数が間違っています。
M01,M01500012,ショップ情報文字列が他の項目と矛盾しています。
M01,M01510001,購買情報文字列が設定されていません。
M01,M01510005,購買情報文字列の文字数が間違っています。
M01,M01510012,購買情報文字列が他の項目と矛盾しています。
M01,M01520002,ユーザー利用端末情報に無効な値が設定されています。
M01,M01530001,決済結果戻り先URLが設定されていません。
M01,M01530005,決済結果戻り先URLが最大文字数を越えています。
M01,M01540005,決済キャンセル時URLが最大文字数を超えています。
M01,M01550001,日時情報文字列が設定されていません。
M01,M01550005,日時情報文字列の文字数が間違っています。
M01,M01550006,日時情報文字列に無効な文字が含まれます。
M01,M01590005,商品コードが最大桁数を超えています。
M01,M01590006,商品コードに無効な文字が含まれます。
M01,M01600001,会員情報チェック文字列が設定されていません。
M01,M01600005,会員情報チェック文字列が最大文字数を超えています。
M01,M01600012,会員情報チェック文字列が他の項目と矛盾しています。
M01,M01610005,リトライ回数が0～99の範囲外です。
M01,M01610006,リトライ回数に数字以外が設定されています。
M01,M01620005,セッションタイムアウト値が0～9999の範囲外です。
M01,M01620006,セッションタイムアウト値に数字以外が設定されています。
M01,M01630010,取引後カード登録時、取引の会員I Dとパラメータの会員IDが一致しません。
M01,M01640010,取引後カード登録時、取引のサイトIDとパラメータのサイトIDが一致しません。
M01,M01650012,指定されたショップは、指定されたサイトに属していません。
M01,M01660013,言語パラメータにサポートされない値が設定されています。
M01,M01670013,出力エンコーディングにサポートされない値が設定されています。
M01,M01680001,決済利用フラグが設定されていません。
M01,M01680008,"決済利用フラグに”0”,”1”以外の値が指定されています。"
M01,M01690001,URL不正。リンクタイプドメインの契約がありません。
M01,M01690002,URL不正。リンクタイプドメインが利用可能ではありません。
M01,M01690003,URL不正。リンクタイプドメインで設定されたドメインと異なります。
M01,M01700001,メールリンクのご利用契約が無いか、利用停止中です。
M01,M01701002,呼び出したメールリンクデータは存在しません。
M01,M01702003,呼び出したメールリンクデータは有効期限切れです。
M01,M01703001,ユニーク文字列が指定されていません。
M01,M01703005,ユニーク文字列の長さが32バイト以外です。
M01,M01704005,テンプレート番号が1桁を超えています。
M01,M01704006,テンプレート番号に数字以外が設定されています。
M11,M11010099,この取引は決済が終了していません。
M11,M11010999,特になし
M91,M91099999,決済処理に失敗しました。
E01,E01144001,CheckStringが指定されていません。
E01,E01144010,CheckStringが不正です。
E01,E01220002,申込書再送および管理画面再入力をお願いします。
E61,E61145002,LINE  Pay  決済LINE  Pay連動情報の設定が正しくありません。
E61,E61152002,ネット銀聯決済ネット銀聯連動情報の設定が正しくありません。
E61,E61258001,ネット銀聯決済ネット銀聯連動情報の設定が正しくありません。